<?xml version="1.0" encoding="UTF-8" standalone="yes"?>
<addon id="script.program.android.emutest"
       name="Android Emulator Launcher (Test)"
       version="0.0.2"
       provider-name="ChatGPT"
       extension point="xbmc.python.script"
       minversion="3.0.0">
  <requires>
    <import addon="xbmc.python" version="3.0.0"/>
  </requires>
  <extension point="xbmc.addon.metadata">
    <summary>Quick test launcher: pick a ROM file and launch an Android emulator via StartAndroidActivity.</summary>
    <description>
      This add-on is a simple proof-of-concept for launching Android emulators from Kodi.
      Includes quick entries for Eden (Switch) and NetherSX2 (PS2).
      Choose a ROM, then we try to start the selected emulator package/activity with the ROM's file URI.
      Works only on Android builds of Kodi.
    </description>
    <platform>android</platform>
    <license>MIT</license>
    <source>https://example.invalid</source>
  </extension>
</addon>
