<?xml version="1.0" encoding="UTF-8" standalone="yes"?>
<addon id="repository.romm.addons"
       name="RomM Add-ons"
       version="1.0.0"
       provider-name="Milton Torres"
       xmlns="http://www.kodi.tv/addons"
       xmlns:xsi="http://www.w3.org/2001/XMLSchema-instance"
       xsi:schemaLocation="http://www.kodi.tv/addons addon.xsd">

  <extension point="xbmc.addon.repository" name="RomM Add-ons">
    <info compressed="false">https://torresmi9294.github.io/kodi-romm-repo/addons.xml</info>
    <checksum>https://torresmi9294.github.io/kodi-romm-repo/addons.xml.md5</checksum>
    <datadir zip="true">https://torresmi9294.github.io/kodi-romm-repo/zips/</datadir>
  </extension>

  <extension point="xbmc.addon.metadata">
    <summary lang="en_GB">Repository for RomM Kodi add-ons</summary>
    <description lang="en_GB">Auto-updating repository hosting RomM-related add-ons for Kodi Omega.</description>
    <platform>all</platform>
    <license>MIT</license>
    <source>https://github.com/Torresmi9294/kodi-romm-repo</source>
    <website>https://torresmi9294.github.io/kodi-romm-repo/</website>
    <assets>
      <icon>icon.png</icon>
      <fanart>fanart.png</fanart>
    </assets>
  </extension>
</addon>
