<?xml version="1.0" encoding="UTF-8"?>
<window>
    <defaultcontrol always="true">450</defaultcontrol>
    <menucontrol>9000</menucontrol>
    <backgroundcolor>0</backgroundcolor>
    <views>450</views>
    <controls>
        <include>CommonItems</include>
        <include>CommonInfo</include>
        <control type="group" id="63">
            <visible>!Window.IsActive(movieinformation) + !Window.IsActive(musicinformation) + !Window.IsActive(songinformation) + !Window.IsActive(addoninformation) + !Window.IsActive(script-globalsearch.xml) + !Window.IsActive(fullscreenvideo) + !Window.IsActive(visualisation) + !Window.IsActive(selectdialog) + !Window.IsActive(filebrowser) + !Window.IsActive(yesnodialog) + !Window.IsActive(progressdialog) + !Window.IsActive(virtualkeyboard) + ![Window.IsActive(contextmenu) + !Control.IsVisible(63)] + !Window.IsActive(numericinput) + !Window.IsActive(playercontrols) + !Window.IsActive(networksetup) + !Window.IsActive(mediasource) + !Window.IsActive(locksettings) + !Window.IsActive(contentsettings) + !Window.IsActive(visualisation) + !Window.IsActive(smartplaylisteditor) + !Window.IsActive(pictureinfo) + !Window.IsActive(addonsettings) + !Window.IsActive(sliderdialog) + !Window.IsActive(textviewer) + !Window.IsActive(mediafilter) + !Window.IsActive(pvrguideinfo) + !Window.IsActive(pvrrecordinginfo) + !Window.IsActive(pvrtimersetting) + !Window.IsActive(pvrgroupmanager) + !Window.IsActive(pvrchannelmanager) + !Window.IsActive(pvrguidesearch) + !Window.IsActive(okdialog) + !Window.IsActive(1122) + !Window.IsActive(3020) + !Window.IsActive(3021) + !Window.IsActive(3022) + !Window.IsActive(3023) + !Window.IsActive(3001) + !Window.IsActive(3002) + !Window.IsActive(3003) + !Window.IsActive(3006)</visible>
            <control type="group">
                <posx>75</posx>
                <posy>26</posy>
                <animation type="WindowOpen" reversible="false">
                    <effect type="fade" start="0" end="100" time="300" tween="sine" easing="in" delay="100" />
                    <effect type="slide" start="0,-75" end="0,0" time="350" tween="cubic" easing="out" delay="100" />
                </animation>
                <animation type="WindowClose" reversible="false">
                    <effect type="fade" start="100" end="0" time="250" tween="sine" easing="out" delay="100" />
                    <effect type="slide" start="0,0" end="0,-75" time="300" tween="sine" easing="out" delay="100" />
                </animation>
                <control type="image">
                    <posx>20</posx>
                    <posy>32</posy>
                    <width>85</width>
                    <height>85</height>
                    <texture>DefaultFavourites.png</texture>
                    <visible>!Container(450).Scrolling</visible>
                    <animation type="Hidden">
                        <effect type="fade" start="100" end="8" tween="sine" easing="out" time="300" />
                        <effect type="zoom" start="100" end="50" center="60,75" tween="sine" easing="inout" time="300" />
                    </animation>
                    <animation type="Visible">
                        <effect type="fade" start="8" end="100" tween="sine" easing="out" time="300" delay="2000" />
                        <effect type="zoom" start="50" end="100" center="60,75" tween="sine" easing="inout" time="300" delay="2000" />
                    </animation>
                </control>
                <control type="group">
                    <posx>17</posx>
                    <posy>32</posy>
                    <visible>Container(450).Scrolling</visible>
                    <animation type="Visible">
                        <effect type="fade" start="0" end="100" time="300" tween="sine" easing="in" />
                        <effect type="slide" start="0,-75" end="0,0" time="350" tween="sine" easing="out" />
                    </animation>
                    <animation type="Hidden">
                        <effect type="fade" start="100" end="0" time="250" tween="sine" easing="out" delay="2000" />
                        <effect type="slide" start="0,0" end="0,-75" time="300" tween="sine" easing="out" delay="2000" />
                    </animation>
                    <control type="image">
                        <posx>0</posx>
                        <posy>0</posy>
                        <width>85</width>
                        <height>85</height>
                        <texture>DefaultSortLetter.png</texture>
                    </control>
                    <control type="label">
                        <posx>0</posx>
                        <posy>1</posy>
                        <width>85</width>
                        <height>85</height>
                        <align>center</align>
                        <font>Font-Condensed-S52-B</font>
                        <label>$INFO[Container(450).ListItem.SortLetter]</label>
                        <textcolor>C0000000</textcolor>
                        <shadowcolor>white</shadowcolor>
                    </control>
                </control>
                <control type="grouplist">
                    <posx>110</posx>
                    <posy>0</posy>
                    <orientation>horizontal</orientation>
                    <control type="label">
                        <width min="50" max="250">auto</width>
                        <height>120</height>
                        <label>$LOCALIZE[1036]</label>
                        <font>Font-Condensed-S36-B</font>
                        <textcolor>C0FFFFFF</textcolor>
                        <scroll>false</scroll>
                        <align>left</align>
                    </control>
                </control>
                <control type="grouplist">
                    <posx>110</posx>
                    <posy>33</posy>
                    <orientation>horizontal</orientation>
                    <control type="label">
                        <width min="50" max="400">auto</width>
                        <height>120</height>
                        <label>$INFO[Container(450).NumItems] $LOCALIZE[31822]</label>
                        <font>Font-Condensed-S28</font>
                        <textcolor>80FFFFFF</textcolor>
                        <scroll>false</scroll>
                        <align>left</align>
                        <visible>Integer.IsEqual(Container(450).NumItems,1)</visible>
                    </control>
                    <control type="label">
                        <width min="50" max="400">auto</width>
                        <height>120</height>
                        <label>$INFO[Container(450).NumItems] $LOCALIZE[31817]</label>
                        <font>Font-Condensed-S28</font>
                        <textcolor>80FFFFFF</textcolor>
                        <scroll>false</scroll>
                        <align>left</align>
                        <visible>Integer.IsEqual(Container(450).NumItems,0) | Integer.IsGreater(Container(450).NumItems,1)</visible>
                    </control>
                </control>
            </control>
            <control type="group">
                <animation type="WindowOpen" reversible="false">
                    <effect type="fade" start="0" end="100" time="300" tween="sine" easing="in" delay="200"  />
                    <effect type="slide" start="0,-75" end="0,0" time="350" tween="cubic" easing="out" delay="200" />
                </animation>
                <animation type="WindowClose" reversible="false">
                    <effect type="fade" start="100" end="0" time="250" tween="sine" easing="out" />
                    <effect type="slide" start="0,0" end="0,-75" time="300" tween="sine" easing="out" />
                </animation>
                <animation type="Conditional" condition="Window.IsActive(shutdownmenu)" reversible="false">
                    <effect type="zoom" start="100" end="92" time="300" delay="100" center="auto" tween="sine" easing="out"  />
                </animation>
                <animation type="Conditional" condition="!Window.IsActive(shutdownmenu)" reversible="false">
                    <effect type="zoom" start="92" end="100" time="300" delay="250" center="auto" tween="sine" easing="in"  />
                </animation>
                <include>OptionsShutdownAnimation</include>
                <control type="fixedlist" id="450">
                    <description>Fav list</description>
                    <posx>-221</posx>
                    <posy>330</posy>
                    <width>2282</width>
                    <height>750</height>
                    <onup>60</onup>
                    <onup>450</onup>
                    <ondown>60</ondown>
                    <ondown>450</ondown>
                    <pagecontrol>60</pagecontrol>
                    <viewtype label="List">List</viewtype>
                    <scrolltime tween="cubic" easing="out">500</scrolltime>
                    <orientation>horizontal</orientation>
                    <preloaditems>2</preloaditems>
                    <focusposition>1</focusposition>
                    <itemlayout width="326" height="750">
                        <control type="group">
                            <animation effect="fade" end="30" time="0" condition="true">Conditional</animation>
                            <control type="image">
                                <description>Bottom shadow</description>
                                <posx>-10</posx>
                                <posy>555</posy>
                                <width>340</width>
                                <height>50</height>
                                <texture>dialogs/shutdown/shadow.png</texture>
                            </control>
                            <control type="image">
                                <posx>-5</posx>
                                <posy>475</posy>
                                <width>330</width>
                                <height>80</height>
                                <texture border="7">windows/home/tile.png</texture>
                            </control>
                            <control type="label">
                                <posx>20</posx>
                                <posy>493</posy>
                                <width>280</width>
                                <height>40</height>
                                <font>Font-Condensed-S29</font>
                                <label>$INFO[ListItem.Label]</label>
                                <textcolor>aawhite</textcolor>
                                <shadowcolor>22000000</shadowcolor>
                                <aligny>center</aligny>
                                <scroll>false</scroll>
                            </control>
                        </control>
                        <control type="group">
                            <animation effect="fade" end="40" time="0" condition="true">Conditional</animation>
                            <control type="image">
                                <posx>-5</posx>
                                <posy>-5</posy>
                                <width>330</width>
                                <height>490</height>
                                <bordersize>5</bordersize>
                                <bordertexture border="7">windows/home/tile.png</bordertexture>
                                <aspectratio scalediffuse="false" align="left" aligny="bottom">keep</aspectratio>
                                <texture background="true" fallback="dialogs/favourites/nothumb.png">$INFO[ListItem.Thumb]</texture>
                            </control>
                            <control type="image">
                                <posx>0</posx>
                                <posy>479</posy>
                                <width>320</width>
                                <height>1</height>
                                <colordiffuse>99000000</colordiffuse>
                                <texture>windows/common/black.png</texture>
                            </control>
                        </control>
                    </itemlayout>
                    <focusedlayout width="326" height="750">
                        <control type="group">
                            <control type="group">
                                <animation type="Focus" condition="Container(450).OnNext | Container(450).OnPrevious">
                                    <effect type="fade" start="50" end="100" time="300" tween="sine" easing="inout" />
                                </animation>
                                <animation type="Unfocus" condition="Container(450).OnNext | Container(450).OnPrevious">
                                    <effect type="fade" start="100" end="50" time="300" tween="sine" easing="inout" />
                                </animation>
                                <control type="image">
                                    <description>Bottom shadow</description>
                                    <posx>-10</posx>
                                    <posy>555</posy>
                                    <width>340</width>
                                    <height>50</height>
                                    <texture>dialogs/shutdown/shadow.png</texture>
                                </control>
                                <control type="image">
                                    <posx>-5</posx>
                                    <posy>475</posy>
                                    <width>330</width>
                                    <height>80</height>
                                    <texture border="7">windows/home/tile.png</texture>
                                </control>
                                <control type="label">
                                    <posx>20</posx>
                                    <posy>493</posy>
                                    <width>280</width>
                                    <height>40</height>
                                    <font>Font-Condensed-S29</font>
                                    <label>$INFO[ListItem.Label]</label>
                                    <textcolor>aawhite</textcolor>
                                    <shadowcolor>22000000</shadowcolor>
                                    <aligny>center</aligny>
                                    <animation effect="fade" time="300" start="0" end="90" tween="sine" easing="out">Visible</animation>
                                    <animation effect="fade" time="300" start="90" end="0" tween="sine" easing="in">Hidden</animation>
                                </control>
                            </control>
                            <control type="group">
                                <animation type="Focus" condition="Container(450).OnNext | Container(450).OnPrevious">
                                    <effect type="fade" start="75" end="100" time="300" tween="sine" easing="inout" />
                                </animation>
                                <animation type="Unfocus" condition="Container(450).OnNext | Container(450).OnPrevious">
                                    <effect type="fade" start="100" end="75" time="300" tween="sine" easing="inout" />
                                </animation>
                                <control type="image">
                                    <posx>-5</posx>
                                    <posy>-5</posy>
                                    <width>330</width>
                                    <height>490</height>
                                    <bordersize>5</bordersize>
                                    <bordertexture border="7">windows/home/tile.png</bordertexture>
                                    <aspectratio scalediffuse="false" align="left" aligny="bottom">keep</aspectratio>
                                    <texture background="true" fallback="dialogs/favourites/nothumb.png">$INFO[ListItem.Thumb]</texture>
                                </control>
                                <control type="image">
                                    <posx>0</posx>
                                    <posy>479</posy>
                                    <width>320</width>
                                    <height>1</height>
                                    <colordiffuse>99000000</colordiffuse>
                                    <texture>windows/common/black.png</texture>
                                </control>
                            </control>
                        </control>
                    </focusedlayout>
                </control>
                <control type="image" id="62">
                    <animation effect="fade" start="100" end="0" time="0" delay="1500">WindowOpen</animation>
                </control>
                <control type="image" id="61">
                    <animation effect="fade" start="0" end="100" time="0">Visible</animation>
                    <animation effect="fade" start="100" end="0" time="0">Hidden</animation>
                    <visible>Control.HasFocus(60) | !Control.IsVisible(62)</visible>
                </control>
                <control type="image" id="61">
                    <animation effect="fade" start="0" end="100" time="0">Visible</animation>
                    <animation effect="fade" start="100" end="0" time="0" delay="1500">Hidden</animation>
                    <visible>!Control.HasFocus(60) + [Container(450).Scrolling | Container(450).OnScrollNext | Container(450).OnScrollPrevious]</visible>
                </control>
                <control type="image">
                    <description>Scrollbar background (visible on focus)</description>
                    <posx>104</posx>
                    <posy>135r</posy>
                    <width>1712</width>
                    <height>6</height>
                    <texture border="6,0,6,0">views/other/scrollbar-sq.png</texture>
                    <visible>Control.HasFocus(60)</visible>
                    <animation effect="fade" start="0" end="25" time="300" tween="sine" easing="inout">Visible</animation>
                    <animation effect="fade" start="25" end="0" time="300" tween="sine" easing="inout">Hidden</animation>
                </control>
                <control type="scrollbar" id="60">
                    <description>Scrollbar</description>
                    <posx>104</posx>
                    <posy>135r</posy>
                    <width>1712</width>
                    <height>6</height>
                    <orientation>horizontal</orientation>
                    <texturesliderbar border="6,0,6,0">views/other/scrollbar-sq.png</texturesliderbar>
                    <texturesliderbarfocus border="6,0,6,0">views/other/scrollbar-sq.png</texturesliderbarfocus>
                    <showonepage>false</showonepage>
                    <onup>450</onup>
                    <ondown>450</ondown>
                    <animation effect="fade" start="40" end="0" time="300" tween="sine" easing="inout" condition="!Control.IsVisible(61)">Conditional</animation>
                </control>
            </control>
        </control>
        <include>CommonInfoNoOptions</include>
    </controls>
</window>